{
    
	"ambientocclusion": false,
    
	"textures": {
        
		"particle": "blocks/waterlily",
        
		"texture": "blocks/waterlily"
    
	},
    
	"elements": [{   
		"from": [ 0, 0.25, 0 ],
            
		"to": [ 16, 0.25, 16 ],
            
		"faces": {
                
			"down":  { "uv": [ 16, 16, 0,  0 ], "texture": "#texture", "tintindex": 0 },
                
			"up":    { "uv": [ 16,  0, 0, 16 ], "texture": "#texture", "tintindex": 0 }
            
		}
        
	}
]

}
