{
    
	"variants": {

		
        	"moisture=0": { "model": "farmland_dry" },

        	"moisture=1": { "model": "farmland_dry" },

        	"moisture=2": { "model": "farmland_dry" },
 
        	"moisture=3": { "model": "farmland_dry" },

        	"moisture=4": { "model": "farmland_dry" },

        	"moisture=5": { "model": "farmland_dry" },

        	"moisture=6": { "model": "farmland_dry" }, 
	
		"moisture=7": [ 
			
				{ "model": "farmland_moist", "weight": 1}
,
				{ "model": "farmland_moist/farmland_moist1", "weight": 3}
,
				{ "model": "farmland_moist/farmland_moist2", "weight": 5}
 
				 
			
		]
	
	
	}

}
