{
    
	"variants": {
        
		"normal": [

			{ "model": "waterlily", "weight": 2 },

			{ "model": "waterlily", "y": 90, "weight": 2  },
            
			{ "model": "waterlily", "y": 180, "weight": 2  },
            
			{ "model": "waterlily", "y": 270, "weight": 2  },
			
			{ "model": "lily_pad/lily_pad1", "weight": 5 },
			{ "model": "lily_pad/lily_pad1", "y": 90, "weight": 5  },
            
			{ "model": "lily_pad/lily_pad1", "y": 180, "weight": 5  },
            
			{ "model": "lily_pad/lily_pad1", "y": 270, "weight": 5  },
			
			{ "model": "lily_pad/lily_pad2", "weight": 5 },
			{ "model": "lily_pad/lily_pad2", "y": 90, "weight": 5  },
            
			{ "model": "lily_pad/lily_pad2", "y": 180, "weight": 5  },
            
			{ "model": "lily_pad/lily_pad2", "y": 270, "weight": 5  },

			{ "model": "lily_flower", "weight": 2 },
			{ "model": "lily_flower", "y": 90, "weight": 2 },

			{ "model": "lily_flower", "y": 180, "weight": 2 },

			{ "model": "lily_flower", "y": 270, "weight": 2 }

  
  
        
		]
    
	}

}
